{"cameraMode":{"drawMode":3,"name":"Shadow Cascades","section":"Miscellaneous"},"sceneLighting":true,"audioPlay":false,"sceneViewState":{"showFog":true,"showMaterialUpdate":false,"showSkybox":true,"showFlares":true,"showImageEffects":true,"showParticleSystems":true},"in2DMode":false,"pivot":{"x":0.21791207790374757,"y":-0.23837292194366456,"z":-0.4706358313560486},"rotation":{"x":0.1190168634057045,"y":0.8616670370101929,"z":-0.23709474503993989,"w":0.4326096475124359},"size":2.3468945026397707,"orthographic":false}