{"cameraMode":{"drawMode":3,"name":"Shadow Cascades","section":"Miscellaneous"},"sceneLighting":true,"audioPlay":false,"sceneViewState":{"showFog":true,"showMaterialUpdate":false,"showSkybox":true,"showFlares":true,"showImageEffects":true,"showParticleSystems":true},"in2DMode":false,"pivot":{"x":-0.5092501044273377,"y":-0.08172643184661865,"z":0.5333292484283447},"rotation":{"x":0.336591899394989,"y":-0.12519271671772004,"z":0.04518621787428856,"w":0.932196855545044},"size":1.446894645690918,"orthographic":false}