{"cameraMode":{"drawMode":3,"name":"Shadow Cascades","section":"Miscellaneous"},"sceneLighting":true,"audioPlay":false,"sceneViewState":{"showFog":true,"showMaterialUpdate":false,"showSkybox":true,"showFlares":true,"showImageEffects":true,"showParticleSystems":true},"in2DMode":false,"pivot":{"x":-0.22265625,"y":0.3289794921875,"z":-0.01238250732421875},"rotation":{"x":0.2722720503807068,"y":0.6643683910369873,"z":-0.2848140001296997,"w":0.6351091265678406},"size":0.7812981009483337,"orthographic":true}