{"cameraMode":{"drawMode":3,"name":"Shadow Cascades","section":"Miscellaneous"},"sceneLighting":true,"audioPlay":false,"sceneViewState":{"showFog":true,"showMaterialUpdate":false,"showSkybox":true,"showFlares":true,"showImageEffects":true,"showParticleSystems":true},"in2DMode":false,"pivot":{"x":-0.41668701171875,"y":0.37530517578125,"z":-0.28228759765625},"rotation":{"x":0.3260503113269806,"y":-0.48882073163986208,"z":0.20350231230258943,"w":0.7831553816795349},"size":0.5486147999763489,"orthographic":true}